request_id,amount_safe_to_pay,affordability_status,recommended_payment_method,payment_plan,earliest_date_for_full_payment,spending_changes_needed,decision_explanation
request_26,15656000,affordable_now,full_payment,2025-08-03:15656000,2025-08-03,none,"The full IDR 15,656,000 is safe to pay today: projected balance never drops below the IDR 24,768,300 minimum over the next 90 days."
request_27,6670,affordable_now,full_payment,2026-07-05:6670,2026-07-05,none,"Pay ZAR 6,670 today for this purchase. Balance stays at or above the ZAR 20,500 minimum for the full 90-day outlook."
request_28,189.24,affordable_later,wait,2024-07-20:1302.40,2024-07-20,none,"The full EUR 1,302.40 for this contribution is not safe to pay yet, but the forecast shows it becomes safe by 20 July 2024 without needing any spending changes."
request_29,1855.42,not_affordable,not_recommended,none,,none,"This ZAR 51,524 contribution cannot be completed safely within 90 days: at most ZAR 1,855.42 is available today, ZAR 49,668.58 short of the full amount, with no supported installment or spending-change option that closes the gap."
request_30,775.20,affordable_with_plan,installments,2026-04-06:268.74|2026-05-06:268.74|2026-06-05:268.74,2026-04-06,none,Spread this USD 775.20 repayment across 3 installments of USD 268.74 beginning 6 April 2026 rather than paying in full; this is the safest plan that completes on time.
request_31,2700039.54,affordable_later,wait,2024-11-15:18164000,2024-11-15,none,"Wait until 15 November 2024 to pay the full IDR 18,164,000. Paying sooner would push the balance below the IDR 16,588,900 minimum before then."
request_32,13339.36,not_affordable,not_recommended,none,,none,"This ZAR 40,018 trip cannot be completed safely within 90 days: at most ZAR 13,339.36 is available today, ZAR 26,678.64 short of the full amount, with no supported installment or spending-change option that closes the gap."
request_33,30731.19,not_affordable,not_recommended,none,,none,"Do not proceed with this INR 118,000 housing payment yet. Only INR 30,731.19 can be paid today without risking the INR 102,100 minimum, and the remaining INR 87,268.81 is not projected to become safe within the 90-day forecast."
request_34,129400,affordable_now,full_payment,2024-12-04:129400,2024-12-04,none,"Pay INR 129,400 today for this trip. Balance stays at or above the INR 138,500 minimum for the full 90-day outlook."
request_35,22868.81,affordable_later,wait,2026-01-15:212000,2026-01-15,none,"Wait until 15 January 2026 to pay the full INR 212,000. Paying sooner would push the balance below the INR 106,400 minimum before then."
request_36,588.71,affordable_later,wait,2026-09-15:3954,2026-09-15,none,"Wait until 15 September 2026 to pay the full USD 3,954. Paying sooner would push the balance below the USD 2,400 minimum before then."
request_37,2804351.84,affordable_later,wait,2024-05-20:14649000,2024-05-20,none,"The full IDR 14,649,000 for this transfer is not safe to pay yet, but the forecast shows it becomes safe by 20 May 2024 without needing any spending changes."
request_38,171.65,affordable_later,wait,2025-10-15:971.30,2025-10-15,none,Wait until 15 October 2025 to pay the full EUR 971.30. Paying sooner would push the balance below the EUR 400 minimum before then.
request_39,57446.07,affordable_later,wait,2026-06-15:208600,2026-06-15,none,"The full INR 208,600 for this housing payment is not safe to pay yet, but the forecast shows it becomes safe by 15 June 2026 without needing any spending changes."
request_40,355.73,not_affordable,not_recommended,none,,none,"Do not proceed with this EUR 1,290.30 course or program yet. Only EUR 355.73 can be paid today without risking the EUR 1,500 minimum, and the remaining EUR 934.57 is not projected to become safe within the 90-day forecast."
request_41,7644359.43,affordable_later,wait,2026-01-15:38760000,2026-01-15,none,"Wait until 15 January 2026 to pay the full IDR 38,760,000. Paying sooner would push the balance below the IDR 25,366,600 minimum before then."
request_42,52100,affordable_now,full_payment,2026-01-05:52100,2026-01-05,none,"Pay INR 52,100 today for this expense. Balance stays at or above the INR 113,100 minimum for the full 90-day outlook."
request_43,8273626.88,affordable_later,wait,2024-11-15:43339000,2024-11-15,none,"Wait until 15 November 2024 to pay the full IDR 43,339,000. Paying sooner would push the balance below the IDR 21,398,000 minimum before then."
request_44,30429.03,not_affordable,not_recommended,none,,none,"Do not proceed with this INR 95,800 course or program yet. Only INR 30,429.03 can be paid today without risking the INR 82,900 minimum, and the remaining INR 65,370.97 is not projected to become safe within the 90-day forecast."
request_45,3361778.45,affordable_later,wait,2026-09-15:21983000,2026-09-15,none,"Wait until 15 September 2026 to pay the full IDR 21,983,000. Paying sooner would push the balance below the IDR 11,149,800 minimum before then."
request_46,35318.22,affordable_with_plan,partial_payment,2024-12-03:35318.22|2024-12-15:14131.78,2024-12-15,none,"Pay INR 35,318.22 today and the remaining INR 14,131.78 on 15 December 2024. Together these complete the INR 49,450 repayment while keeping the INR 84,000 minimum protected throughout."
request_47,1221224.89,not_affordable,not_recommended,none,,none,"Do not proceed with this IDR 38,114,000 expense yet. Only IDR 1,221,224.89 can be paid today without risking the IDR 30,049,000 minimum, and the remaining IDR 36,892,775.11 is not projected to become safe within the 90-day forecast."
request_48,45700,affordable_now,full_payment,2026-07-25:45700,2026-07-25,none,"The full INR 45,700 is safe to pay today: projected balance never drops below the INR 71,300 minimum over the next 90 days."
request_49,12655596.66,not_affordable,not_recommended,none,2024-05-15,none,"This IDR 34,333,000 trip cannot be completed safely within 90 days: at most IDR 12,655,596.66 is available today, IDR 21,677,403.34 short of the full amount, with no supported installment or spending-change option that closes the gap."
request_50,43900,affordable_now,full_payment,2025-08-06:43900,2025-08-06,none,"The full INR 43,900 is safe to pay today: projected balance never drops below the INR 99,700 minimum over the next 90 days."
request_51,2191000,affordable_now,full_payment,2026-01-03:2191000,2026-01-03,none,"Pay IDR 2,191,000 today for this contribution. Balance stays at or above the IDR 7,811,000 minimum for the full 90-day outlook."
request_52,19241.76,affordable_later,wait,2024-06-15:28870,2024-06-15,none,"The full INR 28,870 for this expense is not safe to pay yet, but the forecast shows it becomes safe by 15 June 2024 without needing any spending changes."
request_53,464.04,not_affordable,not_recommended,none,2026-01-15,none,"Do not proceed with this USD 1,699.20 purchase yet. Only USD 464.04 can be paid today without risking the USD 2,100 minimum, and the remaining USD 1,235.16 is not projected to become safe within the 90-day forecast."
request_54,2083.52,not_affordable,not_recommended,none,,none,"Do not proceed with this ZAR 121,528 housing payment yet. Only ZAR 2,083.52 can be paid today without risking the ZAR 37,000 minimum, and the remaining ZAR 119,444.48 is not projected to become safe within the 90-day forecast."
request_55,128738.85,not_affordable,not_recommended,none,2026-07-15,none,"This INR 218,600 transfer cannot be completed safely within 90 days: at most INR 128,738.85 is available today, INR 89,861.15 short of the full amount, with no supported installment or spending-change option that closes the gap."
request_56,632.95,affordable_with_plan,partial_payment,2025-02-03:632.95|2025-02-15:248.61,2025-02-15,none,Only USD 632.95 is safe to pay today toward this USD 881.56 purchase; the balance is projected to recover enough to safely cover the remaining USD 248.61 by 15 February 2025.
request_57,12819.59,affordable_later,wait,2026-06-15:61446,2026-06-15,none,"The full ZAR 61,446 for this course or program is not safe to pay yet, but the forecast shows it becomes safe by 15 June 2026 without needing any spending changes."
request_58,16226000,affordable_now,full_payment,2024-12-07:16226000,2024-12-07,none,"The full IDR 16,226,000 is safe to pay today: projected balance never drops below the IDR 14,433,900 minimum over the next 90 days."
request_59,132758.53,not_affordable,not_recommended,none,,none,"Do not proceed with this INR 140,600 contribution yet. Only INR 132,758.53 can be paid today without risking the INR 132,600 minimum, and the remaining INR 7,841.47 is not projected to become safe within the 90-day forecast."
request_60,0,not_affordable,not_recommended,none,,none,"Do not proceed with this USD 199.89 housing payment yet. Only USD 0 can be paid today without risking the USD 400 minimum, and the remaining USD 199.89 is not projected to become safe within the 90-day forecast."
request_61,29062,affordable_with_plan,installments,2024-03-17:10074.83|2024-04-17:10074.83|2024-05-18:10074.83,2024-03-03,none,"Spread this ZAR 29,062 purchase across 3 installments of ZAR 10,074.83 beginning 17 March 2024 rather than paying in full; this is the safest plan that completes on time."
request_62,404.23,affordable_now,full_payment,2025-08-05:404.23,2025-08-05,none,"Pay USD 404.23 today for this repayment. Balance stays at or above the USD 1,300 minimum for the full 90-day outlook."
request_63,37534.99,not_affordable,not_recommended,none,,none,"Do not proceed with this INR 343,900 purchase yet. Only INR 37,534.99 can be paid today without risking the INR 153,500 minimum, and the remaining INR 306,365.01 is not projected to become safe within the 90-day forecast."
request_64,0,not_affordable,not_recommended,none,,none,"Do not proceed with this INR 63,700 request yet. Only INR 0 can be paid today without risking the INR 36,100 minimum, and the remaining INR 63,700 is not projected to become safe within the 90-day forecast."
request_65,5886.72,not_affordable,not_recommended,none,,none,"This ZAR 54,340 request cannot be completed safely within 90 days: at most ZAR 5,886.72 is available today, ZAR 48,453.28 short of the full amount, with no supported installment or spending-change option that closes the gap."
request_66,22200,affordable_now,full_payment,2026-04-03:22200,2026-04-03,none,"Pay INR 22,200 today for this expense. Balance stays at or above the INR 80,700 minimum for the full 90-day outlook."
request_67,300.77,affordable_later,wait,2024-11-15:2094,2024-11-15,none,"Wait until 15 November 2024 to pay the full USD 2,094. Paying sooner would push the balance below the USD 1,200 minimum before then."
request_68,1333.62,not_affordable,not_recommended,none,2025-03-23,none,"Do not proceed with this USD 2,091.60 repayment yet. Only USD 1,333.62 can be paid today without risking the USD 1,500 minimum, and the remaining USD 757.98 is not projected to become safe within the 90-day forecast."
request_69,529.10,affordable_now,full_payment,2026-01-04:529.10,2026-01-04,none,Pay EUR 529.10 today for this contribution. Balance stays at or above the EUR 700 minimum for the full 90-day outlook.
request_70,50476.80,affordable_later,wait,2025-02-15:243900,2025-02-15,none,"The full INR 243,900 for this request is not safe to pay yet, but the forecast shows it becomes safe by 15 February 2025 without needing any spending changes."
request_71,244128.26,not_affordable,not_recommended,none,,none,"This IDR 21,451,000 housing payment cannot be completed safely within 90 days: at most IDR 244,128.26 is available today, IDR 21,206,871.74 short of the full amount, with no supported installment or spending-change option that closes the gap."
request_72,11330,affordable_now,full_payment,2026-07-05:11330,2026-07-05,none,"The full ZAR 11,330 is safe to pay today: projected balance never drops below the ZAR 12,200 minimum over the next 90 days."
request_73,71400,affordable_now,full_payment,2023-01-20:71400,2023-01-20,none,"Pay INR 71,400 today for this expense. Balance stays at or above the INR 103,200 minimum for the full 90-day outlook."
request_74,5010,affordable_now,full_payment,2025-08-04:5010,2025-08-04,none,"The full ZAR 5,010 is safe to pay today: projected balance never drops below the ZAR 21,900 minimum over the next 90 days."
request_75,13211.67,not_affordable,not_recommended,none,,none,"This ZAR 28,270 expense cannot be completed safely within 90 days: at most ZAR 13,211.67 is available today, ZAR 15,058.33 short of the full amount, with no supported installment or spending-change option that closes the gap."
request_76,990.46,not_affordable,not_recommended,none,2024-06-20,none,"This USD 4,455.60 request cannot be completed safely within 90 days: at most USD 990.46 is available today, USD 3,465.14 short of the full amount, with no supported installment or spending-change option that closes the gap."
request_77,60700,affordable_now,full_payment,2025-11-05:60700,2025-11-05,none,"The full INR 60,700 is safe to pay today: projected balance never drops below the INR 82,200 minimum over the next 90 days."
request_78,45918.87,affordable_later,wait,2025-10-15:50200,2025-10-15,none,"Wait until 15 October 2025 to pay the full INR 50,200. Paying sooner would push the balance below the INR 55,200 minimum before then."
request_79,313.14,not_affordable,not_recommended,none,,none,"This EUR 2,151.60 purchase cannot be completed safely within 90 days: at most EUR 313.14 is available today, EUR 1,838.46 short of the full amount, with no supported installment or spending-change option that closes the gap."
request_80,120596.38,not_affordable,not_recommended,none,2025-02-11,none,"This INR 217,500 repayment cannot be completed safely within 90 days: at most INR 120,596.38 is available today, INR 96,903.62 short of the full amount, with no supported installment or spending-change option that closes the gap."
request_81,2076,affordable_now,full_payment,2026-07-03:2076,2026-07-03,none,"The full USD 2,076 is safe to pay today: projected balance never drops below the USD 1,600 minimum over the next 90 days."
request_82,194.56,affordable_later,wait,2025-01-20:1405.20,2025-01-20,none,"The full USD 1,405.20 for this transfer is not safe to pay yet, but the forecast shows it becomes safe by 20 January 2025 without needing any spending changes."
request_83,7244.95,not_affordable,not_recommended,none,,none,"This INR 156,200 transfer cannot be completed safely within 90 days: at most INR 7,244.95 is available today, INR 148,955.05 short of the full amount, with no supported installment or spending-change option that closes the gap."
request_84,27332.62,affordable_later,wait,2026-06-15:95400,2026-06-15,none,"The full INR 95,400 for this course or program is not safe to pay yet, but the forecast shows it becomes safe by 15 June 2026 without needing any spending changes."
request_85,392399.90,not_affordable,not_recommended,none,,none,"Do not proceed with this IDR 19,304,000 housing payment yet. Only IDR 392,399.90 can be paid today without risking the IDR 6,396,300 minimum, and the remaining IDR 18,911,600.10 is not projected to become safe within the 90-day forecast."
request_86,46300,affordable_now,full_payment,2025-08-03:46300,2025-08-03,none,"The full INR 46,300 is safe to pay today: projected balance never drops below the INR 84,900 minimum over the next 90 days."
request_87,16918.39,not_affordable,not_recommended,none,,none,"Do not proceed with this INR 487,900 request yet. Only INR 16,918.39 can be paid today without risking the INR 185,900 minimum, and the remaining INR 470,981.61 is not projected to become safe within the 90-day forecast."
request_88,10735.77,affordable_with_plan,installments,2024-06-14:9045.23|2024-07-15:9045.23|2024-08-15:9045.23,2024-07-15,none,"Use the 3-payment installment plan of ZAR 9,045.23 each, starting 14 June 2024. Every payment stays clear of the ZAR 25,800 minimum balance."
request_89,9392480.17,not_affordable,not_recommended,none,2026-01-15,none,"Do not proceed with this IDR 13,756,000 request yet. Only IDR 9,392,480.17 can be paid today without risking the IDR 12,534,700 minimum, and the remaining IDR 4,363,519.83 is not projected to become safe within the 90-day forecast."
request_90,2560,affordable_now,full_payment,2026-07-06:2560,2026-07-06,none,"The full ZAR 2,560 is safe to pay today: projected balance never drops below the ZAR 7,600 minimum over the next 90 days."
request_91,316.20,affordable_later,wait,2024-11-15:1927.20,2024-11-15,none,"The full EUR 1,927.20 for this expense is not safe to pay yet, but the forecast shows it becomes safe by 15 November 2024 without needing any spending changes."
request_92,34034,affordable_now,full_payment,2025-02-05:34034,2025-02-05,none,"Pay ZAR 34,034 today for this course or program. Balance stays at or above the ZAR 28,100 minimum for the full 90-day outlook."
request_93,1729.20,affordable_now,full_payment,2026-04-07:1729.20,2026-04-07,none,"Pay USD 1,729.20 today for this trip. Balance stays at or above the USD 1,900 minimum for the full 90-day outlook."
request_94,572,affordable_now,full_payment,2024-12-04:572,2024-12-04,none,Pay EUR 572 today for this housing payment. Balance stays at or above the EUR 600 minimum for the full 90-day outlook.
request_95,4648.03,not_affordable,not_recommended,none,,none,"Do not proceed with this INR 553,000 course or program yet. Only INR 4,648.03 can be paid today without risking the INR 145,500 minimum, and the remaining INR 548,351.97 is not projected to become safe within the 90-day forecast."
request_96,72758.97,not_affordable,not_recommended,none,2026-02-15,none,"This INR 90,200 purchase cannot be completed safely within 90 days: at most INR 72,758.97 is available today, INR 17,441.03 short of the full amount, with no supported installment or spending-change option that closes the gap."
request_97,1599.79,affordable_with_plan,installments,2024-03-19:8145.28|2024-04-19:8145.28|2024-05-20:8145.28,2024-04-15,none,"Use the 3-payment installment plan of ZAR 8,145.28 each, starting 19 March 2024. Every payment stays clear of the ZAR 29,700 minimum balance."
request_98,6553.27,affordable_later,wait,2025-10-15:27148,2025-10-15,none,"Wait until 15 October 2025 to pay the full ZAR 27,148. Paying sooner would push the balance below the ZAR 30,000 minimum before then."
request_99,17445.43,affordable_with_plan,full_payment,2026-07-04:18062,2026-07-15,stop:event_9188,"By stopping the streaming subscription, the full ZAR 18,062 can be paid today for this expense without breaking the ZAR 49,100 minimum balance."
request_100,25169.04,not_affordable,not_recommended,none,2024-07-15,none,"Do not proceed with this ZAR 37,114 purchase yet. Only ZAR 25,169.04 can be paid today without risking the ZAR 32,500 minimum, and the remaining ZAR 11,944.96 is not projected to become safe within the 90-day forecast."
request_101,143500,affordable_now,full_payment,2025-11-03:143500,2025-11-03,none,"Pay INR 143,500 today for this contribution. Balance stays at or above the INR 187,400 minimum for the full 90-day outlook."
request_102,1716,affordable_with_plan,installments,2026-04-05:594.88|2026-05-05:594.88|2026-06-04:594.88,2026-04-05,none,"Spread this EUR 1,716 purchase across 3 installments of EUR 594.88 beginning 5 April 2026 rather than paying in full; this is the safest plan that completes on time."
request_103,2146.56,not_affordable,not_recommended,none,,none,"Do not proceed with this INR 368,300 trip yet. Only INR 2,146.56 can be paid today without risking the INR 125,500 minimum, and the remaining INR 366,153.44 is not projected to become safe within the 90-day forecast."
request_104,17204,affordable_now,full_payment,2025-02-04:17204,2025-02-04,none,"Pay ZAR 17,204 today for this purchase. Balance stays at or above the ZAR 24,700 minimum for the full 90-day outlook."
request_105,51146.87,affordable_with_plan,full_payment,2026-06-08:53500,2026-06-15,reduce_to:event_9720:1632,"Paying the full INR 53,500 today only stays safe by reducing the shopping spending to INR 1,632; with that change, the INR 73,900 minimum holds for the next 90 days."
request_106,463.22,affordable_later,wait,2025-02-15:2207.70,2025-02-15,none,"The full EUR 2,207.70 for this course or program is not safe to pay yet, but the forecast shows it becomes safe by 15 February 2025 without needing any spending changes."
request_107,2416.93,not_affordable,not_recommended,none,2025-07-15,none,"This EUR 2,534.40 housing payment cannot be completed safely within 90 days: at most EUR 2,416.93 is available today, EUR 117.47 short of the full amount, with no supported installment or spending-change option that closes the gap."
request_108,3387.25,affordable_later,wait,2026-07-21:55308,2026-07-21,none,"Wait until 21 July 2026 to pay the full ZAR 55,308. Paying sooner would push the balance below the ZAR 24,100 minimum before then."
request_109,472.91,not_affordable,not_recommended,none,2024-05-15,none,"This EUR 1,863.40 transfer cannot be completed safely within 90 days: at most EUR 472.91 is available today, EUR 1,390.49 short of the full amount, with no supported installment or spending-change option that closes the gap."
request_110,22352,affordable_with_plan,installments,2025-08-06:7748.69|2025-09-03:7748.69|2025-10-01:7748.69,2025-08-06,none,"Spread this ZAR 22,352 transfer across 3 installments of ZAR 7,748.69 beginning 6 August 2025 rather than paying in full; this is the safest plan that completes on time."
request_111,16625000,affordable_now,full_payment,2026-04-03:16625000,2026-04-03,none,"The full IDR 16,625,000 is safe to pay today: projected balance never drops below the IDR 23,022,800 minimum over the next 90 days."
request_112,271.70,affordable_now,full_payment,2024-06-05:271.70,2024-06-05,none,Pay EUR 271.70 today for this transfer. Balance stays at or above the EUR 500 minimum for the full 90-day outlook.
request_113,19576.63,affordable_later,wait,2026-10-15:36500,2026-10-15,none,"The full INR 36,500 for this repayment is not safe to pay yet, but the forecast shows it becomes safe by 15 October 2026 without needing any spending changes."
request_114,20570.81,not_affordable,not_recommended,none,,none,"This INR 65,300 request cannot be completed safely within 90 days: at most INR 20,570.81 is available today, INR 44,729.19 short of the full amount, with no supported installment or spending-change option that closes the gap."
request_115,14648.43,affordable_later,wait,2024-11-15:80500,2024-11-15,none,"Wait until 15 November 2024 to pay the full INR 80,500. Paying sooner would push the balance below the INR 38,800 minimum before then."
request_116,9179.83,not_affordable,not_recommended,none,,none,"This INR 241,200 transfer cannot be completed safely within 90 days: at most INR 9,179.83 is available today, INR 232,020.17 short of the full amount, with no supported installment or spending-change option that closes the gap."
request_117,859.11,affordable_with_plan,full_payment,2026-07-05:880,2026-07-15,stop:event_10833,"By stopping the streaming subscription, the full EUR 880 can be paid today for this housing payment without breaking the EUR 1,000 minimum balance."
request_118,629.20,affordable_with_plan,installments,2024-12-07:255.87|2025-01-07:255.87|2025-02-07:255.87,2024-12-20,none,"Use the 3-payment installment plan of EUR 255.87 each, starting 7 December 2024. Every payment stays clear of the EUR 600 minimum balance."
request_119,59410.40,not_affordable,not_recommended,none,2025-06-15,none,"This INR 203,500 course or program cannot be completed safely within 90 days: at most INR 59,410.40 is available today, INR 144,089.60 short of the full amount, with no supported installment or spending-change option that closes the gap."
request_120,7714000,affordable_now,full_payment,2026-04-06:7714000,2026-04-06,none,"The full IDR 7,714,000 is safe to pay today: projected balance never drops below the IDR 20,050,300 minimum over the next 90 days."
request_121,633.60,affordable_now,full_payment,2024-03-03:633.60,2024-03-03,none,Pay USD 633.60 today for this repayment. Balance stays at or above the USD 800 minimum for the full 90-day outlook.
request_122,20558000,affordable_with_plan,installments,2025-08-05:7126773.33|2025-09-02:7126773.33|2025-09-30:7126773.33,2025-08-05,none,"Spread this IDR 20,558,000 request across 3 installments of IDR 7,126,773.33 beginning 5 August 2025 rather than paying in full; this is the safest plan that completes on time."
request_123,0,not_affordable,not_recommended,none,,none,"This IDR 4,076,000 contribution cannot be completed safely within 90 days: at most IDR 0 is available today, IDR 4,076,000 short of the full amount, with no supported installment or spending-change option that closes the gap."
request_124,1392.45,not_affordable,not_recommended,none,2024-07-15,none,"This EUR 3,104.20 request cannot be completed safely within 90 days: at most EUR 1,392.45 is available today, EUR 1,711.75 short of the full amount, with no supported installment or spending-change option that closes the gap."
request_125,5834.63,affordable_later,wait,2025-11-15:6468,2025-11-15,none,"Wait until 15 November 2025 to pay the full ZAR 6,468. Paying sooner would push the balance below the ZAR 11,300 minimum before then."
request_126,159600,affordable_now,full_payment,2026-07-03:159600,2026-07-03,none,"The full INR 159,600 is safe to pay today: projected balance never drops below the INR 129,700 minimum over the next 90 days."
request_127,7420.91,affordable_later,wait,2024-10-15:23980,2024-10-15,none,"The full ZAR 23,980 for this transfer is not safe to pay yet, but the forecast shows it becomes safe by 15 October 2024 without needing any spending changes."
request_128,25168,affordable_now,full_payment,2025-02-07:25168,2025-02-07,none,"The full ZAR 25,168 is safe to pay today: projected balance never drops below the ZAR 42,600 minimum over the next 90 days."
request_129,111.57,not_affordable,not_recommended,none,,none,"This USD 2,668.80 course or program cannot be completed safely within 90 days: at most USD 111.57 is available today, USD 2,557.23 short of the full amount, with no supported installment or spending-change option that closes the gap."
request_130,373.31,affordable_later,wait,2025-02-15:1978.80,2025-02-15,none,"Wait until 15 February 2025 to pay the full USD 1,978.80. Paying sooner would push the balance below the USD 1,400 minimum before then."
request_131,1134.43,not_affordable,not_recommended,none,2025-07-23,none,"This USD 1,855.20 course or program cannot be completed safely within 90 days: at most USD 1,134.43 is available today, USD 720.77 short of the full amount, with no supported installment or spending-change option that closes the gap."
request_132,0,not_affordable,not_recommended,none,,none,"Do not proceed with this USD 379.86 transfer yet. Only USD 0 can be paid today without risking the USD 1,100 minimum, and the remaining USD 379.86 is not projected to become safe within the 90-day forecast."
request_133,0,not_affordable,not_recommended,none,,none,"Do not proceed with this IDR 15,770,000 purchase yet. Only IDR 0 can be paid today without risking the IDR 9,986,200 minimum, and the remaining IDR 15,770,000 is not projected to become safe within the 90-day forecast."
request_134,4461408.13,affordable_later,wait,2025-10-15:21831000,2025-10-15,none,"The full IDR 21,831,000 for this purchase is not safe to pay yet, but the forecast shows it becomes safe by 15 October 2025 without needing any spending changes."
request_135,283.19,affordable_with_plan,full_payment,2026-07-06:304.80,2026-07-15,stop:event_12413,"By stopping the streaming subscription, the full USD 304.80 can be paid today for this housing payment without breaking the USD 500 minimum balance."
request_136,528.50,affordable_with_plan,full_payment,2024-06-03:560.40,2024-06-15,reduce_to:event_12498:27.20,"Paying the full USD 560.40 today only stays safe by reducing the shopping spending to USD 27.20; with that change, the USD 1,100 minimum holds for the next 90 days."
request_137,24172.14,not_affordable,not_recommended,none,,none,"This INR 80,100 purchase cannot be completed safely within 90 days: at most INR 24,172.14 is available today, INR 55,927.86 short of the full amount, with no supported installment or spending-change option that closes the gap."
request_138,860.56,affordable_with_plan,partial_payment,2026-04-07:860.56|2026-04-15:396.38,2026-04-15,none,"Pay EUR 860.56 today and the remaining EUR 396.38 on 15 April 2026. Together these complete the EUR 1,256.94 purchase while keeping the EUR 2,300 minimum protected throughout."
request_139,1247.41,not_affordable,not_recommended,none,2024-11-15,none,"Do not proceed with this USD 2,316 housing payment yet. Only USD 1,247.41 can be paid today without risking the USD 1,500 minimum, and the remaining USD 1,068.59 is not projected to become safe within the 90-day forecast."
request_140,1428.81,not_affordable,not_recommended,none,,none,"Do not proceed with this ZAR 62,832 expense yet. Only ZAR 1,428.81 can be paid today without risking the ZAR 21,600 minimum, and the remaining ZAR 61,403.19 is not projected to become safe within the 90-day forecast."
request_141,18191.39,not_affordable,not_recommended,none,,none,"This INR 171,600 request cannot be completed safely within 90 days: at most INR 18,191.39 is available today, INR 153,408.61 short of the full amount, with no supported installment or spending-change option that closes the gap."
request_142,1263.60,affordable_now,full_payment,2024-12-05:1263.60,2024-12-05,none,"The full USD 1,263.60 is safe to pay today: projected balance never drops below the USD 1,700 minimum over the next 90 days."
request_143,2501.34,affordable_later,wait,2025-07-15:12584,2025-07-15,none,"The full ZAR 12,584 for this expense is not safe to pay yet, but the forecast shows it becomes safe by 15 July 2025 without needing any spending changes."
request_144,233.34,affordable_now,full_payment,2026-07-04:233.34,2026-07-04,none,The full USD 233.34 is safe to pay today: projected balance never drops below the USD 600 minimum over the next 90 days.
request_145,11688.43,affordable_with_plan,installments,2024-03-20:75365.33|2024-04-20:75365.33|2024-05-21:75365.33,2024-04-20,none,"Use the 3-payment installment plan of INR 75,365.33 each, starting 20 March 2024. Every payment stays clear of the INR 155,400 minimum balance."
request_146,16037.09,not_affordable,not_recommended,none,,none,"Do not proceed with this INR 449,400 housing payment yet. Only INR 16,037.09 can be paid today without risking the INR 108,600 minimum, and the remaining INR 433,362.91 is not projected to become safe within the 90-day forecast."
request_147,477.46,affordable_with_plan,installments,2026-04-08:391.63|2026-05-08:391.63|2026-06-07:391.63,2026-05-15,none,"Use the 3-payment installment plan of EUR 391.63 each, starting 8 April 2026. Every payment stays clear of the EUR 900 minimum balance."
request_148,7127.02,not_affordable,not_recommended,none,2024-08-15,none,"This ZAR 22,242 purchase cannot be completed safely within 90 days: at most ZAR 7,127.02 is available today, ZAR 15,114.98 short of the full amount, with no supported installment or spending-change option that closes the gap."
request_149,24908.46,affordable_with_plan,installments,2025-11-18:12706.03|2025-12-16:12706.03|2026-01-13:12706.03,2025-12-15,none,"Spread this ZAR 36,652 trip across 3 installments of ZAR 12,706.03 beginning 18 November 2025 rather than paying in full; this is the safest plan that completes on time."
request_150,0,not_affordable,not_recommended,none,,none,"Do not proceed with this EUR 496.10 course or program yet. Only EUR 0 can be paid today without risking the EUR 700 minimum, and the remaining EUR 496.10 is not projected to become safe within the 90-day forecast."
request_151,26999000,affordable_now,full_payment,2024-09-03:26999000,2024-09-03,none,"The full IDR 26,999,000 is safe to pay today: projected balance never drops below the IDR 31,633,600 minimum over the next 90 days."
request_152,11084.90,not_affordable,not_recommended,none,2025-04-15,none,"This ZAR 13,882 expense cannot be completed safely within 90 days: at most ZAR 11,084.90 is available today, ZAR 2,797.10 short of the full amount, with no supported installment or spending-change option that closes the gap."
request_153,15.20,not_affordable,not_recommended,none,,none,"Do not proceed with this USD 2,830.80 purchase yet. Only USD 15.20 can be paid today without risking the USD 1,400 minimum, and the remaining USD 2,815.60 is not projected to become safe within the 90-day forecast."
request_154,1625.80,affordable_with_plan,installments,2024-12-04:563.61|2025-01-04:563.61|2025-02-04:563.61,2024-12-04,none,"Spread this EUR 1,625.80 trip across 3 installments of EUR 563.61 beginning 4 December 2024 rather than paying in full; this is the safest plan that completes on time."
request_155,112500,affordable_now,full_payment,2025-05-06:112500,2025-05-06,none,"The full INR 112,500 is safe to pay today: projected balance never drops below the INR 56,300 minimum over the next 90 days."
request_156,9491.14,affordable_later,wait,2026-06-15:43076,2026-06-15,none,"Wait until 15 June 2026 to pay the full ZAR 43,076. Paying sooner would push the balance below the ZAR 26,900 minimum before then."
request_157,4775248.01,affordable_later,wait,2024-05-15:23503000,2024-05-15,none,"The full IDR 23,503,000 for this contribution is not safe to pay yet, but the forecast shows it becomes safe by 15 May 2024 without needing any spending changes."
request_158,242600,affordable_with_plan,installments,2025-08-07:84101.33|2025-09-04:84101.33|2025-10-02:84101.33,2025-08-07,none,"Spread this INR 242,600 expense across 3 installments of INR 84,101.33 beginning 7 August 2025 rather than paying in full; this is the safest plan that completes on time."
request_159,0,not_affordable,not_recommended,none,,none,"This ZAR 13,398 contribution cannot be completed safely within 90 days: at most ZAR 0 is available today, ZAR 13,398 short of the full amount, with no supported installment or spending-change option that closes the gap."
request_160,569.52,affordable_with_plan,installments,2024-06-13:432.05|2024-07-14:432.05|2024-08-14:432.05,2024-07-15,none,"Use the 3-payment installment plan of EUR 432.05 each, starting 13 June 2024. Every payment stays clear of the EUR 1,200 minimum balance."
request_161,6906804.19,affordable_later,wait,2026-01-15:21204000,2026-01-15,none,"Wait until 15 January 2026 to pay the full IDR 21,204,000. Paying sooner would push the balance below the IDR 23,010,400 minimum before then."
request_162,1255094.80,not_affordable,not_recommended,none,,none,"This IDR 83,923,000 request cannot be completed safely within 90 days: at most IDR 1,255,094.80 is available today, IDR 82,667,905.20 short of the full amount, with no supported installment or spending-change option that closes the gap."
request_163,8075462.24,affordable_with_plan,installments,2024-09-10:6692053.33|2024-10-11:6692053.33|2024-11-11:6692053.33,2024-09-20,none,"Use the 3-payment installment plan of IDR 6,692,053.33 each, starting 10 September 2024. Every payment stays clear of the IDR 26,728,700 minimum balance."
request_164,27018000,affordable_with_plan,installments,2025-02-11:9366240|2025-03-11:9366240|2025-04-08:9366240,2025-02-04,none,"Spread this IDR 27,018,000 request across 3 installments of IDR 9,366,240 beginning 11 February 2025 rather than paying in full; this is the safest plan that completes on time."
request_165,68752.32,affordable_with_plan,full_payment,2026-04-06:80600,,stop:event_15135|reduce_to:event_15173:1875,"By stopping the streaming subscription and reducing the dining spending to INR 1,875, the full INR 80,600 can be paid today for this trip without breaking the INR 95,000 minimum balance."
request_166,2907.60,affordable_with_plan,installments,2024-12-03:1007.97|2025-01-03:1007.97|2025-02-03:1007.97,2024-12-03,none,"Use the 3-payment installment plan of USD 1,007.97 each, starting 3 December 2024. Every payment stays clear of the USD 1,700 minimum balance."
request_167,43802,affordable_now,full_payment,2025-05-05:43802,2025-05-05,none,"The full ZAR 43,802 is safe to pay today: projected balance never drops below the ZAR 31,200 minimum over the next 90 days."
request_168,0,not_affordable,not_recommended,none,,none,"This INR 49,380 housing payment cannot be completed safely within 90 days: at most INR 0 is available today, INR 49,380 short of the full amount, with no supported installment or spending-change option that closes the gap."
request_169,41976,affordable_now,full_payment,2024-03-04:41976,2024-03-04,none,"Pay ZAR 41,976 today for this course or program. Balance stays at or above the ZAR 18,700 minimum for the full 90-day outlook."
request_170,29866830.93,affordable_with_plan,installments,2025-08-06:12804480|2025-09-03:12804480|2025-10-01:12804480,2025-09-15,none,"Spread this IDR 36,936,000 request across 3 installments of IDR 12,804,480 beginning 6 August 2025 rather than paying in full; this is the safest plan that completes on time."
request_171,33.02,not_affordable,not_recommended,none,,none,"This EUR 1,878.80 contribution cannot be completed safely within 90 days: at most EUR 33.02 is available today, EUR 1,845.78 short of the full amount, with no supported installment or spending-change option that closes the gap."
request_172,9077.61,affordable_with_plan,partial_payment,2024-06-05:9077.61|2024-06-15:1122.39,2024-06-15,none,"Only ZAR 9,077.61 is safe to pay today toward this ZAR 10,200 course or program; the balance is projected to recover enough to safely cover the remaining ZAR 1,122.39 by 15 June 2024."
request_173,55371.35,affordable_with_plan,installments,2025-11-21:39173.33|2025-12-19:39173.33|2026-01-16:39173.33,2026-01-15,none,"Spread this INR 113,000 transfer across 3 installments of INR 39,173.33 beginning 21 November 2025 rather than paying in full; this is the safest plan that completes on time."
request_174,1075.32,not_affordable,not_recommended,none,,none,"Do not proceed with this EUR 1,146.20 contribution yet. Only EUR 1,075.32 can be paid today without risking the EUR 700 minimum, and the remaining EUR 70.88 is not projected to become safe within the 90-day forecast."
request_175,2346.30,affordable_now,full_payment,2024-09-06:2346.30,2024-09-06,none,"The full EUR 2,346.30 is safe to pay today: projected balance never drops below the EUR 1,700 minimum over the next 90 days."
request_176,497.08,affordable_later,wait,2025-02-20:1239.70,2025-02-20,none,"Wait until 20 February 2025 to pay the full EUR 1,239.70. Paying sooner would push the balance below the EUR 600 minimum before then."
request_177,799.75,affordable_with_plan,full_payment,2026-01-05:1017.60,,reduce_to:event_16317:32,"By reducing the dining spending to USD 32, the full USD 1,017.60 can be paid today for this expense without breaking the USD 1,300 minimum balance."
request_178,2938.10,affordable_with_plan,installments,2024-12-07:1018.54|2025-01-07:1018.54|2025-02-07:1018.54,2024-12-07,none,"Spread this EUR 2,938.10 contribution across 3 installments of EUR 1,018.54 beginning 7 December 2024 rather than paying in full; this is the safest plan that completes on time."
request_179,6584779.78,affordable_later,wait,2025-07-15:41648000,2025-07-15,none,"Wait until 15 July 2025 to pay the full IDR 41,648,000. Paying sooner would push the balance below the IDR 41,430,800 minimum before then."
request_180,66500,affordable_now,full_payment,2026-07-06:66500,2026-07-06,none,"The full INR 66,500 is safe to pay today: projected balance never drops below the INR 37,300 minimum over the next 90 days."
request_181,283.69,not_affordable,not_recommended,none,,none,"This USD 5,059.20 contribution cannot be completed safely within 90 days: at most USD 283.69 is available today, USD 4,775.51 short of the full amount, with no supported installment or spending-change option that closes the gap."
request_182,65714,affordable_now,full_payment,2025-08-05:65714,2025-08-05,none,"The full ZAR 65,714 is safe to pay today: projected balance never drops below the ZAR 31,100 minimum over the next 90 days."
request_183,22982284.10,not_affordable,not_recommended,none,2026-05-15,none,"This IDR 26,866,000 expense cannot be completed safely within 90 days: at most IDR 22,982,284.10 is available today, IDR 3,883,715.90 short of the full amount, with no supported installment or spending-change option that closes the gap."
request_184,7134.15,not_affordable,not_recommended,none,,none,"Do not proceed with this INR 251,900 repayment yet. Only INR 7,134.15 can be paid today without risking the INR 110,800 minimum, and the remaining INR 244,765.85 is not projected to become safe within the 90-day forecast."
request_185,309.85,not_affordable,not_recommended,none,,none,"This EUR 1,257.30 trip cannot be completed safely within 90 days: at most EUR 309.85 is available today, EUR 947.45 short of the full amount, with no supported installment or spending-change option that closes the gap."
request_186,0,not_affordable,not_recommended,none,,none,"Do not proceed with this ZAR 26,554 contribution yet. Only ZAR 0 can be paid today without risking the ZAR 22,000 minimum, and the remaining ZAR 26,554 is not projected to become safe within the 90-day forecast."
request_187,37844.44,affordable_later,wait,2024-11-15:187500,2024-11-15,none,"The full INR 187,500 for this request is not safe to pay yet, but the forecast shows it becomes safe by 15 November 2024 without needing any spending changes."
request_188,102.94,not_affordable,not_recommended,none,,none,"Do not proceed with this EUR 2,464 transfer yet. Only EUR 102.94 can be paid today without risking the EUR 900 minimum, and the remaining EUR 2,361.06 is not projected to become safe within the 90-day forecast."
request_189,488.40,affordable_now,full_payment,2026-07-04:488.40,2026-07-04,none,Pay EUR 488.40 today for this repayment. Balance stays at or above the EUR 400 minimum for the full 90-day outlook.
request_190,554.49,affordable_later,wait,2025-02-15:2557.50,2025-02-15,none,"The full EUR 2,557.50 for this purchase is not safe to pay yet, but the forecast shows it becomes safe by 15 February 2025 without needing any spending changes."
request_191,664.40,affordable_now,full_payment,2025-05-03:664.40,2025-05-03,none,Pay EUR 664.40 today for this contribution. Balance stays at or above the EUR 500 minimum for the full 90-day outlook.
request_192,107.83,not_affordable,not_recommended,none,,none,"This USD 2,046 course or program cannot be completed safely within 90 days: at most USD 107.83 is available today, USD 1,938.17 short of the full amount, with no supported installment or spending-change option that closes the gap."
request_193,33.62,affordable_with_plan,installments,2024-03-21:420.23|2024-04-21:420.23|2024-05-22:420.23,2024-05-15,none,"Spread this EUR 1,212.20 request across 3 installments of EUR 420.23 beginning 21 March 2024 rather than paying in full; this is the safest plan that completes on time."
request_194,33083.28,affordable_later,wait,2025-10-23:132800,2025-10-23,none,"Wait until 23 October 2025 to pay the full INR 132,800. Paying sooner would push the balance below the INR 113,600 minimum before then."
request_195,602.13,not_affordable,not_recommended,none,,none,"Do not proceed with this EUR 1,170.40 purchase yet. Only EUR 602.13 can be paid today without risking the EUR 700 minimum, and the remaining EUR 568.27 is not projected to become safe within the 90-day forecast."
request_196,762.30,affordable_now,full_payment,2024-06-03:762.30,2024-06-03,none,The full EUR 762.30 is safe to pay today: projected balance never drops below the EUR 500 minimum over the next 90 days.
request_197,50939000,affordable_with_plan,installments,2025-11-19:17658853.33|2025-12-17:17658853.33|2026-01-14:17658853.33,2025-11-05,none,"Use the 3-payment installment plan of IDR 17,658,853.33 each, starting 19 November 2025. Every payment stays clear of the IDR 26,245,900 minimum balance."
request_198,185800,affordable_now,full_payment,2026-07-07:185800,2026-07-07,none,"The full INR 185,800 is safe to pay today: projected balance never drops below the INR 124,300 minimum over the next 90 days."
request_199,23674000,affordable_with_plan,installments,2024-09-07:8206986.67|2024-10-08:8206986.67|2024-11-08:8206986.67,2024-09-04,none,"Spread this IDR 23,674,000 housing payment across 3 installments of IDR 8,206,986.67 beginning 7 September 2024 rather than paying in full; this is the safest plan that completes on time."
request_200,21717000,affordable_now,full_payment,2025-02-06:21717000,2025-02-06,none,"Pay IDR 21,717,000 today for this purchase. Balance stays at or above the IDR 20,114,600 minimum for the full 90-day outlook."
request_201,23122198.12,affordable_with_plan,full_payment,2026-04-03:23997000,,stop:event_18493,"Paying the full IDR 23,997,000 today only stays safe by stopping the streaming subscription; with that change, the IDR 17,304,500 minimum holds for the next 90 days."
request_202,123900,affordable_now,full_payment,2024-12-05:123900,2024-12-05,none,"The full INR 123,900 is safe to pay today: projected balance never drops below the INR 147,800 minimum over the next 90 days."
request_203,1442.10,affordable_with_plan,installments,2025-05-10:499.93|2025-06-07:499.93|2025-07-05:499.93,2025-05-07,none,"Spread this EUR 1,442.10 expense across 3 installments of EUR 499.93 beginning 10 May 2025 rather than paying in full; this is the safest plan that completes on time."
request_204,572.05,affordable_later,wait,2026-01-15:588.74,2026-01-15,none,"Wait until 15 January 2026 to pay the full EUR 588.74. Paying sooner would push the balance below the EUR 1,300 minimum before then."
request_205,10621000,affordable_now,full_payment,2024-03-06:10621000,2024-03-06,none,"Pay IDR 10,621,000 today for this repayment. Balance stays at or above the IDR 13,994,300 minimum for the full 90-day outlook."
request_206,1404.70,affordable_with_plan,installments,2025-08-03:486.96|2025-08-31:486.96|2025-09-28:486.96,2025-08-03,none,"Use the 3-payment installment plan of EUR 486.96 each, starting 3 August 2025. Every payment stays clear of the EUR 900 minimum balance."
request_207,4516.76,affordable_later,wait,2026-07-15:11830,2026-07-15,none,"Wait until 15 July 2026 to pay the full ZAR 11,830. Paying sooner would push the balance below the ZAR 13,600 minimum before then."
request_208,3040802.28,affordable_later,wait,2024-06-15:4413000,2024-06-15,none,"Wait until 15 June 2024 to pay the full IDR 4,413,000. Paying sooner would push the balance below the IDR 10,470,700 minimum before then."
request_209,1660.21,not_affordable,not_recommended,none,,none,"This ZAR 56,914 trip cannot be completed safely within 90 days: at most ZAR 1,660.21 is available today, ZAR 55,253.79 short of the full amount, with no supported installment or spending-change option that closes the gap."
request_210,989.08,affordable_with_plan,partial_payment,2026-04-06:989.08|2026-04-15:370.94,2026-04-15,none,"Only USD 989.08 is safe to pay today toward this USD 1,360.02 expense; the balance is projected to recover enough to safely cover the remaining USD 370.94 by 15 April 2026."
request_211,252.01,affordable_later,wait,2024-11-15:1788.60,2024-11-15,none,"The full EUR 1,788.60 for this request is not safe to pay yet, but the forecast shows it becomes safe by 15 November 2024 without needing any spending changes."
request_212,4092864.88,not_affordable,not_recommended,none,,none,"Do not proceed with this IDR 71,934,000 request yet. Only IDR 4,092,864.88 can be paid today without risking the IDR 29,579,800 minimum, and the remaining IDR 67,841,135.12 is not projected to become safe within the 90-day forecast."
request_213,2375.44,not_affordable,not_recommended,none,,none,"This USD 3,362.40 transfer cannot be completed safely within 90 days: at most USD 2,375.44 is available today, USD 986.96 short of the full amount, with no supported installment or spending-change option that closes the gap."
request_214,41878.70,affordable_with_plan,partial_payment,2024-12-04:41878.70|2024-12-15:27871.30,2024-12-15,none,"Only INR 41,878.70 is safe to pay today toward this INR 69,750 request; the balance is projected to recover enough to safely cover the remaining INR 27,871.30 by 15 December 2024."
request_215,26913.56,not_affordable,not_recommended,none,,none,"Do not proceed with this ZAR 29,986 contribution yet. Only ZAR 26,913.56 can be paid today without risking the ZAR 15,700 minimum, and the remaining ZAR 3,072.44 is not projected to become safe within the 90-day forecast."
request_216,483.08,affordable_later,wait,2026-09-15:3332.40,2026-09-15,none,"The full USD 3,332.40 for this trip is not safe to pay yet, but the forecast shows it becomes safe by 15 September 2026 without needing any spending changes."
request_217,19583.40,affordable_with_plan,installments,2024-03-19:12889.07|2024-04-19:12889.07|2024-05-20:12889.07,2024-05-15,none,"Use the 3-payment installment plan of ZAR 12,889.07 each, starting 19 March 2024. Every payment stays clear of the ZAR 26,800 minimum balance."
request_218,24611852.51,affordable_with_plan,installments,2025-08-07:21195893.33|2025-09-04:21195893.33|2025-10-02:21195893.33,2025-09-15,none,"Spread this IDR 61,142,000 purchase across 3 installments of IDR 21,195,893.33 beginning 7 August 2025 rather than paying in full; this is the safest plan that completes on time."
request_219,711.17,affordable_with_plan,installments,2026-04-07:580.01|2026-05-07:580.01|2026-06-06:580.01,2026-05-15,none,"Spread this EUR 1,673.10 course or program across 3 installments of EUR 580.01 beginning 7 April 2026 rather than paying in full; this is the safest plan that completes on time."
request_220,72.34,not_affordable,not_recommended,none,,none,"This EUR 3,118.50 contribution cannot be completed safely within 90 days: at most EUR 72.34 is available today, EUR 3,046.16 short of the full amount, with no supported installment or spending-change option that closes the gap."
request_221,109800,affordable_now,full_payment,2025-11-03:109800,2025-11-03,none,"The full INR 109,800 is safe to pay today: projected balance never drops below the INR 81,500 minimum over the next 90 days."
request_222,34078,affordable_now,full_payment,2026-01-05:34078,2026-01-05,none,"Pay ZAR 34,078 today for this course or program. Balance stays at or above the ZAR 27,300 minimum for the full 90-day outlook."
request_223,898.70,affordable_now,full_payment,2024-09-07:898.70,2024-09-07,none,Pay EUR 898.70 today for this purchase. Balance stays at or above the EUR 800 minimum for the full 90-day outlook.
request_224,10063394.35,affordable_with_plan,partial_payment,2025-02-04:10063394.35|2025-02-15:263605.65,2025-02-15,none,"Pay IDR 10,063,394.35 today and the remaining IDR 263,605.65 on 15 February 2025. Together these complete the IDR 10,327,000 trip while keeping the IDR 22,187,600 minimum protected throughout."
request_225,9590423.21,not_affordable,not_recommended,none,2026-09-15,none,"Do not proceed with this IDR 22,059,000 expense yet. Only IDR 9,590,423.21 can be paid today without risking the IDR 17,670,700 minimum, and the remaining IDR 12,468,576.79 is not projected to become safe within the 90-day forecast."
request_226,157000,affordable_now,full_payment,2024-12-03:157000,2024-12-03,none,"Pay INR 157,000 today for this request. Balance stays at or above the INR 209,400 minimum for the full 90-day outlook."
request_227,7567.26,not_affordable,not_recommended,none,,none,"Do not proceed with this INR 259,700 repayment yet. Only INR 7,567.26 can be paid today without risking the INR 62,900 minimum, and the remaining INR 252,132.74 is not projected to become safe within the 90-day forecast."
request_228,1601201.62,not_affordable,not_recommended,none,,none,"Do not proceed with this IDR 63,327,000 contribution yet. Only IDR 1,601,201.62 can be paid today without risking the IDR 26,191,200 minimum, and the remaining IDR 61,725,798.38 is not projected to become safe within the 90-day forecast."
request_229,434.66,affordable_with_plan,installments,2024-03-18:529.29|2024-04-18:529.29|2024-05-19:529.29,2024-05-15,none,"Spread this EUR 1,526.80 trip across 3 installments of EUR 529.29 beginning 18 March 2024 rather than paying in full; this is the safest plan that completes on time."
request_230,3537.60,affordable_now,full_payment,2025-08-06:3537.60,2025-08-06,none,"Pay EUR 3,537.60 today for this repayment. Balance stays at or above the EUR 2,000 minimum for the full 90-day outlook."
request_231,31593.77,affordable_with_plan,installments,2026-01-06:12378.08|2026-02-05:12378.08|2026-03-07:12378.08,2026-02-15,none,"Use the 3-payment installment plan of ZAR 12,378.08 each, starting 6 January 2026. Every payment stays clear of the ZAR 24,300 minimum balance."
request_232,631.97,not_affordable,not_recommended,none,,none,"Do not proceed with this EUR 1,970.10 trip yet. Only EUR 631.97 can be paid today without risking the EUR 2,400 minimum, and the remaining EUR 1,338.13 is not projected to become safe within the 90-day forecast."
request_233,3738334.08,affordable_with_plan,partial_payment,2025-11-07:3738334.08|2025-11-15:2502665.92,2025-11-15,none,"Pay IDR 3,738,334.08 today and the remaining IDR 2,502,665.92 on 15 November 2025. Together these complete the IDR 6,241,000 housing payment while keeping the IDR 10,365,700 minimum protected throughout."
request_234,183.19,affordable_later,wait,2026-09-15:1213.30,2026-09-15,none,"The full EUR 1,213.30 for this repayment is not safe to pay yet, but the forecast shows it becomes safe by 15 September 2026 without needing any spending changes."
request_235,967.20,affordable_now,full_payment,2024-09-06:967.20,2024-09-06,none,Pay USD 967.20 today for this course or program. Balance stays at or above the USD 700 minimum for the full 90-day outlook.
request_236,5830036.97,not_affordable,not_recommended,none,,none,"This IDR 52,383,000 housing payment cannot be completed safely within 90 days: at most IDR 5,830,036.97 is available today, IDR 46,552,963.03 short of the full amount, with no supported installment or spending-change option that closes the gap."
request_237,22228678.74,affordable_with_plan,full_payment,2026-04-05:23826000,,reduce_to:event_21813:548720,"Paying the full IDR 23,826,000 today only stays safe by reducing the shopping spending to IDR 548,720; with that change, the IDR 22,431,500 minimum holds for the next 90 days."
request_238,663.60,affordable_with_plan,installments,2024-12-07:230.05|2025-01-07:230.05|2025-02-07:230.05,2024-12-07,none,Spread this USD 663.60 contribution across 3 installments of USD 230.05 beginning 7 December 2024 rather than paying in full; this is the safest plan that completes on time.
request_239,642,affordable_now,full_payment,2025-05-04:642,2025-05-04,none,Pay USD 642 today for this contribution. Balance stays at or above the USD 600 minimum for the full 90-day outlook.
request_240,13746.71,not_affordable,not_recommended,none,,none,"This INR 101,200 trip cannot be completed safely within 90 days: at most INR 13,746.71 is available today, INR 87,453.29 short of the full amount, with no supported installment or spending-change option that closes the gap."
request_241,21052000,affordable_with_plan,installments,2024-03-17:7298026.67|2024-04-17:7298026.67|2024-05-18:7298026.67,2024-03-03,none,"Use the 3-payment installment plan of IDR 7,298,026.67 each, starting 17 March 2024. Every payment stays clear of the IDR 19,252,000 minimum balance."
request_242,27.29,not_affordable,not_recommended,none,,none,"This EUR 1,966.80 repayment cannot be completed safely within 90 days: at most EUR 27.29 is available today, EUR 1,939.51 short of the full amount, with no supported installment or spending-change option that closes the gap."
request_243,17468,affordable_now,full_payment,2026-07-07:17468,2026-07-07,none,"Pay ZAR 17,468 today for this expense. Balance stays at or above the ZAR 19,900 minimum for the full 90-day outlook."
request_244,49918,affordable_now,full_payment,2024-06-04:49918,2024-06-04,none,"Pay ZAR 49,918 today for this transfer. Balance stays at or above the ZAR 45,900 minimum for the full 90-day outlook."
request_245,24005.91,affordable_later,wait,2026-01-15:128500,2026-01-15,none,"The full INR 128,500 for this expense is not safe to pay yet, but the forecast shows it becomes safe by 15 January 2026 without needing any spending changes."
request_246,64086,affordable_with_plan,installments,2026-04-03:22216.48|2026-05-03:22216.48|2026-06-02:22216.48,2026-04-03,none,"Spread this ZAR 64,086 course or program across 3 installments of ZAR 22,216.48 beginning 3 April 2026 rather than paying in full; this is the safest plan that completes on time."
request_247,1059.30,affordable_now,full_payment,2024-09-05:1059.30,2024-09-05,none,"The full EUR 1,059.30 is safe to pay today: projected balance never drops below the EUR 1,300 minimum over the next 90 days."
request_248,1186.04,affordable_with_plan,partial_payment,2025-02-07:1186.04|2025-02-11:779.56,2025-02-11,none,"Only USD 1,186.04 is safe to pay today toward this USD 1,965.60 contribution; the balance is projected to recover enough to safely cover the remaining USD 779.56 by 11 February 2025."
request_249,82.98,not_affordable,not_recommended,none,,none,"Do not proceed with this USD 643.20 request yet. Only USD 82.98 can be paid today without risking the USD 600 minimum, and the remaining USD 560.22 is not projected to become safe within the 90-day forecast."
request_250,15440.18,not_affordable,not_recommended,none,,none,"This ZAR 124,278 repayment cannot be completed safely within 90 days: at most ZAR 15,440.18 is available today, ZAR 108,837.82 short of the full amount, with no supported installment or spending-change option that closes the gap."
request_251,1513.60,not_affordable,not_recommended,none,2025-05-03,none,"Do not proceed with this EUR 1,513.60 course or program yet. Only EUR 1,513.60 can be paid today without risking the EUR 1,300 minimum, and the remaining EUR 0 is not projected to become safe within the 90-day forecast."
request_252,3988819.51,affordable_later,wait,2026-09-15:28082000,2026-09-15,none,"Wait until 15 September 2026 to pay the full IDR 28,082,000. Paying sooner would push the balance below the IDR 15,152,200 minimum before then."
request_253,1370.83,affordable_with_plan,installments,2024-03-21:984.60|2024-04-21:984.60|2024-05-22:984.60,2024-05-15,none,"Use the 3-payment installment plan of EUR 984.60 each, starting 21 March 2024. Every payment stays clear of the EUR 2,300 minimum balance."
request_254,637.23,affordable_later,wait,2025-10-15:3535.20,2025-10-15,none,"The full USD 3,535.20 for this request is not safe to pay yet, but the forecast shows it becomes safe by 15 October 2025 without needing any spending changes."
request_255,750746.03,not_affordable,not_recommended,none,,none,"Do not proceed with this IDR 3,345,000 transfer yet. Only IDR 750,746.03 can be paid today without risking the IDR 9,813,900 minimum, and the remaining IDR 2,594,253.97 is not projected to become safe within the 90-day forecast."
request_256,152799.25,affordable_with_plan,installments,2024-06-10:75816|2024-07-11:75816|2024-08-11:75816,2024-07-15,none,"Use the 3-payment installment plan of INR 75,816 each, starting 10 June 2024. Every payment stays clear of the INR 168,600 minimum balance."
request_257,317.96,affordable_later,wait,2026-01-15:1352.40,2026-01-15,none,"The full USD 1,352.40 for this request is not safe to pay yet, but the forecast shows it becomes safe by 15 January 2026 without needing any spending changes."
request_258,1113.60,affordable_now,full_payment,2026-01-07:1113.60,2026-01-07,none,"Pay USD 1,113.60 today for this contribution. Balance stays at or above the USD 500 minimum for the full 90-day outlook."
request_259,211.88,affordable_later,wait,2024-11-15:935,2024-11-15,none,Wait until 15 November 2024 to pay the full EUR 935. Paying sooner would push the balance below the EUR 600 minimum before then.
request_260,6375023.47,not_affordable,not_recommended,none,,none,"This IDR 52,079,000 expense cannot be completed safely within 90 days: at most IDR 6,375,023.47 is available today, IDR 45,703,976.53 short of the full amount, with no supported installment or spending-change option that closes the gap."
request_261,1830.40,affordable_now,full_payment,2026-07-03:1830.40,2026-07-03,none,"Pay EUR 1,830.40 today for this housing payment. Balance stays at or above the EUR 1,500 minimum for the full 90-day outlook."
request_262,9236000,affordable_now,full_payment,2024-12-05:9236000,2024-12-05,none,"Pay IDR 9,236,000 today for this course or program. Balance stays at or above the IDR 31,018,500 minimum for the full 90-day outlook."
request_263,5805.03,not_affordable,not_recommended,none,,none,"Do not proceed with this ZAR 51,546 course or program yet. Only ZAR 5,805.03 can be paid today without risking the ZAR 24,100 minimum, and the remaining ZAR 45,740.97 is not projected to become safe within the 90-day forecast."
request_264,23492.15,affordable_later,wait,2026-06-15:111300,2026-06-15,none,"The full INR 111,300 for this expense is not safe to pay yet, but the forecast shows it becomes safe by 15 June 2026 without needing any spending changes."
request_265,0,not_affordable,not_recommended,none,,none,"This INR 45,970 transfer cannot be completed safely within 90 days: at most INR 0 is available today, INR 45,970 short of the full amount, with no supported installment or spending-change option that closes the gap."
request_266,770.25,affordable_with_plan,installments,2025-08-03:324.13|2025-08-31:324.13|2025-09-28:324.13,2025-09-15,none,"Use the 3-payment installment plan of EUR 324.13 each, starting 3 August 2025. Every payment stays clear of the EUR 900 minimum balance."
request_267,1641.71,not_affordable,not_recommended,none,2026-02-15,none,"Do not proceed with this EUR 1,925 housing payment yet. Only EUR 1,641.71 can be paid today without risking the EUR 1,500 minimum, and the remaining EUR 283.29 is not projected to become safe within the 90-day forecast."
request_268,1041.50,affordable_with_plan,installments,2024-06-14:841.22|2024-07-15:841.22|2024-08-15:841.22,2024-07-15,none,"Spread this EUR 2,426.60 repayment across 3 installments of EUR 841.22 beginning 14 June 2024 rather than paying in full; this is the safest plan that completes on time."
request_269,9921.59,affordable_later,wait,2025-12-15:15490,2025-12-15,none,"The full ZAR 15,490 for this transfer is not safe to pay yet, but the forecast shows it becomes safe by 15 December 2025 without needing any spending changes."
request_270,96.77,not_affordable,not_recommended,none,,none,"This USD 3,028.80 contribution cannot be completed safely within 90 days: at most USD 96.77 is available today, USD 2,932.03 short of the full amount, with no supported installment or spending-change option that closes the gap."
request_271,7443.32,affordable_later,wait,2024-11-20:91300,2024-11-20,none,"The full INR 91,300 for this trip is not safe to pay yet, but the forecast shows it becomes safe by 20 November 2024 without needing any spending changes."
request_272,5415269.10,affordable_with_plan,installments,2025-02-12:4709466.67|2025-03-12:4709466.67|2025-04-09:4709466.67,2025-03-15,none,"Spread this IDR 13,585,000 repayment across 3 installments of IDR 4,709,466.67 beginning 12 February 2025 rather than paying in full; this is the safest plan that completes on time."
request_273,9628167.38,affordable_with_plan,partial_payment,2026-04-07:9628167.38|2026-04-15:6232832.62,2026-04-15,none,"Only IDR 9,628,167.38 is safe to pay today toward this IDR 15,861,000 course or program; the balance is projected to recover enough to safely cover the remaining IDR 6,232,832.62 by 15 April 2026."
request_274,2131.94,not_affordable,not_recommended,none,2025-01-15,none,"This EUR 2,713.70 repayment cannot be completed safely within 90 days: at most EUR 2,131.94 is available today, EUR 581.76 short of the full amount, with no supported installment or spending-change option that closes the gap."
request_275,15884000,affordable_now,full_payment,2025-05-06:15884000,2025-05-06,none,"Pay IDR 15,884,000 today for this expense. Balance stays at or above the IDR 12,760,100 minimum for the full 90-day outlook."
